<?xml version="1.0" encoding="UTF-8"?>
<project-private xmlns="http://www.netbeans.org/ns/project-private/1">
    <editor-bookmarks xmlns="http://www.netbeans.org/ns/editor-bookmarks/2" lastBookmarkId="0"/>
    <open-files xmlns="http://www.netbeans.org/ns/projectui-open-files/2">
        <group>
            <file>file:/C:/Users/erfan/OneDrive/Documents/NetBeansProjects/e-community/src/java/controller/MarkAttendanceServlet.java</file>
            <file>file:/C:/Users/erfan/OneDrive/Documents/NetBeansProjects/e-community/web/attendance.jsp</file>
            <file>file:/C:/Users/erfan/OneDrive/Documents/NetBeansProjects/e-community/web/testEventForm.jsp</file>
            <file>file:/C:/Users/erfan/OneDrive/Documents/NetBeansProjects/e-community/src/java/controller/UpdateAttendanceServlet.java</file>
            <file>file:/C:/Users/erfan/OneDrive/Documents/NetBeansProjects/e-community/src/java/controller/UpdateEventServlet.java</file>
            <file>file:/C:/Users/erfan/OneDrive/Documents/NetBeansProjects/e-community/src/java/controller/EventDetailsServlet.java</file>
            <file>file:/C:/Users/erfan/OneDrive/Documents/NetBeansProjects/e-community/web/index.html</file>
            <file>file:/C:/Users/erfan/OneDrive/Documents/NetBeansProjects/e-community/src/java/controller/CancelRegistrationServlet.java</file>
            <file>file:/C:/Users/erfan/OneDrive/Documents/NetBeansProjects/e-community/web/eventDetails.jsp</file>
            <file>file:/C:/Users/erfan/OneDrive/Documents/NetBeansProjects/e-community/nbproject/build-impl.xml</file>
            <file>file:/C:/Users/erfan/OneDrive/Documents/NetBeansProjects/e-community/web/event_edit.jsp</file>
            <file>file:/C:/Users/erfan/OneDrive/Documents/NetBeansProjects/e-community/web/event_list.jsp</file>
            <file>file:/C:/Users/erfan/OneDrive/Documents/NetBeansProjects/e-community/web/login.jsp</file>
            <file>file:/C:/Users/erfan/OneDrive/Documents/NetBeansProjects/e-community/src/java/controller/dashboardServlet.java</file>
            <file>file:/C:/Users/erfan/OneDrive/Documents/NetBeansProjects/e-community/src/java/controller/AttendanceServlet.java</file>
            <file>file:/C:/Users/erfan/OneDrive/Documents/NetBeansProjects/e-community/src/java/controller/EditEventServlet.java</file>
            <file>file:/C:/Users/erfan/OneDrive/Documents/NetBeansProjects/e-community/src/java/controller/DeleteEventServlet.java</file>
            <file>file:/C:/Users/erfan/OneDrive/Documents/NetBeansProjects/e-community/src/java/controller/loginServlet.java</file>
            <file>file:/C:/Users/erfan/OneDrive/Documents/NetBeansProjects/e-community/src/java/controller/ProfileServlet.java</file>
            <file>file:/C:/Users/erfan/OneDrive/Documents/NetBeansProjects/e-community/web/checkEventData.jsp</file>
            <file>file:/C:/Users/erfan/OneDrive/Documents/NetBeansProjects/e-community/src/java/controller/registerServlet.java</file>
            <file>file:/C:/Users/erfan/OneDrive/Documents/NetBeansProjects/e-community/src/java/controller/logoutServlet.java</file>
            <file>file:/C:/Users/erfan/OneDrive/Documents/NetBeansProjects/e-community/src/java/controller/AuthFilter.java</file>
            <file>file:/C:/Users/erfan/OneDrive/Documents/NetBeansProjects/e-community/web/register.jsp</file>
            <file>file:/C:/Users/erfan/OneDrive/Documents/NetBeansProjects/e-community/src/java/model/userDAO.java</file>
            <file>file:/C:/Users/erfan/OneDrive/Documents/NetBeansProjects/e-community/web/dashboard.jsp</file>
            <file>file:/C:/Users/erfan/OneDrive/Documents/NetBeansProjects/e-community/src/java/controller/eventServlet.java</file>
            <file>file:/C:/Users/erfan/OneDrive/Documents/NetBeansProjects/e-community/src/java/controller/JoinEventServlet.java</file>
            <file>file:/C:/Users/erfan/OneDrive/Documents/NetBeansProjects/e-community/src/java/controller/UpdateProfileServlet.java</file>
            <file>file:/C:/Users/erfan/OneDrive/Documents/NetBeansProjects/e-community/web/profile.jsp</file>
            <file>file:/C:/Users/erfan/OneDrive/Documents/NetBeansProjects/e-community/web/event_create.jsp</file>
        </group>
    </open-files>
</project-private>
